amt,category,gender,age,state,hour,day_of_week,month,city_pop,is_fraud
125.50,shopping_net,M,35,CA,14,2,6,50000,0
850.00,misc_net,F,28,NY,23,4,3,100000,1
45.99,grocery_pos,M,45,TX,10,1,9,75000,0
1200.00,shopping_net,M,72,FL,2,6,12,200000,1
15.00,gas_transport,F,33,OH,8,0,5,30000,0
520.00,travel,M,55,NV,22,5,7,80000,1
89.99,entertainment,F,24,WA,19,3,11,60000,0
350.00,misc_net,M,67,AK,1,6,2,15000,1
200.00,food_dining,F,41,IL,20,4,8,120000,0
750.00,shopping_net,M,38,PA,23,0,4,90000,1
32.50,health_fitness,M,29,CO,7,1,10,45000,0
980.00,grocery_net,F,61,AZ,3,5,1,55000,1
67.00,personal_care,F,52,GA,15,2,6,70000,0
420.00,misc_net,M,48,MI,21,6,3,85000,1
28.75,kids_pets,F,36,NC,11,3,9,40000,0
1100.00,shopping_net,M,75,OR,0,0,12,25000,1
55.00,home,M,43,VA,16,4,7,95000,0
680.00,travel,F,31,NJ,22,5,2,110000,1
19.99,gas_transport,M,27,TN,9,1,5,35000,0
890.00,misc_net,F,69,MA,2,6,11,65000,1
